mean_r,mean_t,var_r,var_t,sens_r_y0,sens_r_angle
65.5438114241,4.01971584368,526.544879895,2.78874408223,1.6544195094,-0.0335669163726
