counter,SecPGrecoveryTime,DG1recoveryTime,avg_temp_clad_CH1
0,683.240831434,706.859933128,2.39375355611
1,1071.26513738,811.403142072,2.39364807436
2,702.530407368,962.860784381,2.39348374729
3,956.332514133,688.197097765,2.39372789063
4,1141.05894828,720.280870095,2.39368456436
5,874.367171136,867.886314814,2.39360029903
6,885.179503869,913.486790406,2.39356627616
