mean_X2,mean_Y1,mean_X1,mean_Y2,sen_X1_X1,sen_X1_X2,sen_X1_Y1,sen_X1_Y2,sen_X2_X1,sen_X2_X2,sen_X2_Y1,sen_X2_Y2,sen_Y1_X1,sen_Y1_X2,sen_Y1_Y1,sen_Y1_Y2,sen_Y2_X1,sen_Y2_X2,sen_Y2_Y1,sen_Y2_Y2
1002.92634839,6.83324320178,-0.00345515218154,3510.23980077,0.0,-5.0,1.42857142857,1.0,-1.05471187339e-15,-0.199999999999,1.0,0.285714285714,-171.200449128,1.0,925.883108409,48.9166039386,1.0,3.5,0.7,1.11022302463e-16
