mean_X2,mean_Y1,mean_X1,mean_Y2,sen_X1_X1,sen_X1_X2,sen_X1_Y1,sen_X1_Y2,sen_X2_X1,sen_X2_X2,sen_X2_Y1,sen_X2_Y2,sen_Y1_X1,sen_Y1_X2,sen_Y1_Y1,sen_Y1_Y2,sen_Y2_X1,sen_Y2_X2,sen_Y2_Y1,sen_Y2_Y2
991.82758994,10.8694048121,0.00109644334825,3471.3973323,0.0,-5.0,1.42857142857,1.0,-1.2490009027e-15,-0.199999999999,1.0,0.285714285714,-180.094328315,1.0,973.978473545,51.4547823782,1.0,3.5,0.7,-1.11022302463e-16
